onset	duration	trial_type	scan	frequency_kHz	level_dB_SPL	bandwidth_kHz
2.5	0.2	Adapter 1501Hz	1	1.501	70.00	0.186
3.0	0.2	Adapter 1501Hz	1	1.501	70.00	0.186
3.5	0.2	Adapter 1501Hz	1	1.501	70.00	0.186
4.0	0.2	Adapter 1501Hz	1	1.501	70.00	0.186
4.5	0.2	Adapter 1501Hz	1	1.501	70.00	0.186
5.0	0.2	Adapter 1501Hz	1	1.501	70.00	0.186
5.5	0.2	Adapter 1501Hz	1	1.501	70.00	0.186
6.0	0.2	Adapter 1501Hz	1	1.501	70.00	0.186
6.5	0.2	Adapter 1501Hz	1	1.501	70.00	0.186
7.0	0.2	Adapter 1501Hz	1	1.501	70.00	0.186
10.0	0.2	Adapter 3839Hz Probe 3839Hz	2	3.839	70.00	0.437
10.23	0.05	Adapter 3839Hz Probe 3839Hz	2	3.839	70.00	0.437
10.5	0.2	Adapter 3839Hz Probe 3839Hz	2	3.839	70.00	0.437
10.73	0.05	Adapter 3839Hz Probe 3839Hz	2	3.839	70.00	0.437
11.0	0.2	Adapter 3839Hz Probe 3839Hz	2	3.839	70.00	0.437
11.23	0.05	Adapter 3839Hz Probe 3839Hz	2	3.839	70.00	0.437
11.5	0.2	Adapter 3839Hz Probe 3839Hz	2	3.839	70.00	0.437
11.73	0.05	Adapter 3839Hz Probe 3839Hz	2	3.839	70.00	0.437
12.0	0.2	Adapter 3839Hz Probe 3839Hz	2	3.839	70.00	0.437
12.23	0.05	Adapter 3839Hz Probe 3839Hz	2	3.839	70.00	0.437
12.5	0.2	Adapter 3839Hz Probe 3839Hz	2	3.839	70.00	0.437
12.73	0.05	Adapter 3839Hz Probe 3839Hz	2	3.839	70.00	0.437
13.0	0.2	Adapter 3839Hz Probe 3839Hz	2	3.839	70.00	0.437
13.23	0.05	Adapter 3839Hz Probe 3839Hz	2	3.839	70.00	0.437
13.5	0.2	Adapter 3839Hz Probe 3839Hz	2	3.839	70.00	0.437
13.73	0.05	Adapter 3839Hz Probe 3839Hz	2	3.839	70.00	0.437
14.0	0.2	Adapter 3839Hz Probe 3839Hz	2	3.839	70.00	0.437
14.23	0.05	Adapter 3839Hz Probe 3839Hz	2	3.839	70.00	0.437
14.5	0.2	Adapter 3839Hz Probe 3839Hz	2	3.839	70.00	0.437
14.73	0.05	Adapter 3839Hz Probe 3839Hz	2	3.839	70.00	0.437
17.531	0.2	Adapter 251Hz	3	0.251	70.00	0.052
18.031	0.2	Adapter 251Hz	3	0.251	70.00	0.052
18.531	0.2	Adapter 251Hz	3	0.251	70.00	0.052
19.031	0.2	Adapter 251Hz	3	0.251	70.00	0.052
19.531	0.2	Adapter 251Hz	3	0.251	70.00	0.052
20.031	0.2	Adapter 251Hz	3	0.251	70.00	0.052
20.531	0.2	Adapter 251Hz	3	0.251	70.00	0.052
21.031	0.2	Adapter 251Hz	3	0.251	70.00	0.052
21.531	0.2	Adapter 251Hz	3	0.251	70.00	0.052
22.031	0.2	Adapter 251Hz	3	0.251	70.00	0.052
25.0	0.2	Adapter 899Hz	4	0.899	70.00	0.121
25.5	0.2	Adapter 899Hz	4	0.899	70.00	0.121
26.0	0.2	Adapter 899Hz	4	0.899	70.00	0.121
26.5	0.2	Adapter 899Hz	4	0.899	70.00	0.121
27.0	0.2	Adapter 899Hz	4	0.899	70.00	0.121
27.5	0.2	Adapter 899Hz	4	0.899	70.00	0.121
28.0	0.2	Adapter 899Hz	4	0.899	70.00	0.121
28.5	0.2	Adapter 899Hz	4	0.899	70.00	0.121
29.0	0.2	Adapter 899Hz	4	0.899	70.00	0.121
29.5	0.2	Adapter 899Hz	4	0.899	70.00	0.121
40.047	0.2	Adapter 899Hz Probe 3839Hz	6	0.899	70.00	0.121
40.277	0.05	Adapter 899Hz Probe 3839Hz	6	3.839	70.00	0.437
40.547	0.2	Adapter 899Hz Probe 3839Hz	6	0.899	70.00	0.121
40.777	0.05	Adapter 899Hz Probe 3839Hz	6	3.839	70.00	0.437
41.047	0.2	Adapter 899Hz Probe 3839Hz	6	0.899	70.00	0.121
41.277	0.05	Adapter 899Hz Probe 3839Hz	6	3.839	70.00	0.437
41.547	0.2	Adapter 899Hz Probe 3839Hz	6	0.899	70.00	0.121
41.777	0.05	Adapter 899Hz Probe 3839Hz	6	3.839	70.00	0.437
42.047	0.2	Adapter 899Hz Probe 3839Hz	6	0.899	70.00	0.121
42.277	0.05	Adapter 899Hz Probe 3839Hz	6	3.839	70.00	0.437
42.547	0.2	Adapter 899Hz Probe 3839Hz	6	0.899	70.00	0.121
42.777	0.05	Adapter 899Hz Probe 3839Hz	6	3.839	70.00	0.437
43.047	0.2	Adapter 899Hz Probe 3839Hz	6	0.899	70.00	0.121
43.277	0.05	Adapter 899Hz Probe 3839Hz	6	3.839	70.00	0.437
43.547	0.2	Adapter 899Hz Probe 3839Hz	6	0.899	70.00	0.121
43.777	0.05	Adapter 899Hz Probe 3839Hz	6	3.839	70.00	0.437
44.047	0.2	Adapter 899Hz Probe 3839Hz	6	0.899	70.00	0.121
44.277	0.05	Adapter 899Hz Probe 3839Hz	6	3.839	70.00	0.437
44.547	0.2	Adapter 899Hz Probe 3839Hz	6	0.899	70.00	0.121
44.777	0.05	Adapter 899Hz Probe 3839Hz	6	3.839	70.00	0.437
47.745	0.05	Probe 3839Hz	7	3.839	70.00	0.437
48.245	0.05	Probe 3839Hz	7	3.839	70.00	0.437
48.745	0.05	Probe 3839Hz	7	3.839	70.00	0.437
49.245	0.05	Probe 3839Hz	7	3.839	70.00	0.437
49.745	0.05	Probe 3839Hz	7	3.839	70.00	0.437
50.245	0.05	Probe 3839Hz	7	3.839	70.00	0.437
50.745	0.05	Probe 3839Hz	7	3.839	70.00	0.437
51.245	0.05	Probe 3839Hz	7	3.839	70.00	0.437
51.745	0.05	Probe 3839Hz	7	3.839	70.00	0.437
52.245	0.05	Probe 3839Hz	7	3.839	70.00	0.437
55.015	0.2	Adapter 507Hz Probe 3839Hz	8	0.507	70.00	0.079
55.245	0.05	Adapter 507Hz Probe 3839Hz	8	3.839	70.00	0.437
55.515	0.2	Adapter 507Hz Probe 3839Hz	8	0.507	70.00	0.079
55.745	0.05	Adapter 507Hz Probe 3839Hz	8	3.839	70.00	0.437
56.015	0.2	Adapter 507Hz Probe 3839Hz	8	0.507	70.00	0.079
56.245	0.05	Adapter 507Hz Probe 3839Hz	8	3.839	70.00	0.437
56.515	0.2	Adapter 507Hz Probe 3839Hz	8	0.507	70.00	0.079
56.745	0.05	Adapter 507Hz Probe 3839Hz	8	3.839	70.00	0.437
57.015	0.2	Adapter 507Hz Probe 3839Hz	8	0.507	70.00	0.079
57.245	0.05	Adapter 507Hz Probe 3839Hz	8	3.839	70.00	0.437
57.515	0.2	Adapter 507Hz Probe 3839Hz	8	0.507	70.00	0.079
57.745	0.05	Adapter 507Hz Probe 3839Hz	8	3.839	70.00	0.437
58.015	0.2	Adapter 507Hz Probe 3839Hz	8	0.507	70.00	0.079
58.245	0.05	Adapter 507Hz Probe 3839Hz	8	3.839	70.00	0.437
58.515	0.2	Adapter 507Hz Probe 3839Hz	8	0.507	70.00	0.079
58.745	0.05	Adapter 507Hz Probe 3839Hz	8	3.839	70.00	0.437
59.015	0.2	Adapter 507Hz Probe 3839Hz	8	0.507	70.00	0.079
59.245	0.05	Adapter 507Hz Probe 3839Hz	8	3.839	70.00	0.437
59.515	0.2	Adapter 507Hz Probe 3839Hz	8	0.507	70.00	0.079
59.745	0.05	Adapter 507Hz Probe 3839Hz	8	3.839	70.00	0.437
62.515	0.2	Adapter 1501Hz Probe 3839Hz	9	1.501	70.00	0.186
62.745	0.05	Adapter 1501Hz Probe 3839Hz	9	3.839	70.00	0.437
63.015	0.2	Adapter 1501Hz Probe 3839Hz	9	1.501	70.00	0.186
63.245	0.05	Adapter 1501Hz Probe 3839Hz	9	3.839	70.00	0.437
63.515	0.2	Adapter 1501Hz Probe 3839Hz	9	1.501	70.00	0.186
63.745	0.05	Adapter 1501Hz Probe 3839Hz	9	3.839	70.00	0.437
64.015	0.2	Adapter 1501Hz Probe 3839Hz	9	1.501	70.00	0.186
64.245	0.05	Adapter 1501Hz Probe 3839Hz	9	3.839	70.00	0.437
64.515	0.2	Adapter 1501Hz Probe 3839Hz	9	1.501	70.00	0.186
64.745	0.05	Adapter 1501Hz Probe 3839Hz	9	3.839	70.00	0.437
65.015	0.2	Adapter 1501Hz Probe 3839Hz	9	1.501	70.00	0.186
65.245	0.05	Adapter 1501Hz Probe 3839Hz	9	3.839	70.00	0.437
65.515	0.2	Adapter 1501Hz Probe 3839Hz	9	1.501	70.00	0.186
65.745	0.05	Adapter 1501Hz Probe 3839Hz	9	3.839	70.00	0.437
66.015	0.2	Adapter 1501Hz Probe 3839Hz	9	1.501	70.00	0.186
66.245	0.05	Adapter 1501Hz Probe 3839Hz	9	3.839	70.00	0.437
66.515	0.2	Adapter 1501Hz Probe 3839Hz	9	1.501	70.00	0.186
66.745	0.05	Adapter 1501Hz Probe 3839Hz	9	3.839	70.00	0.437
67.015	0.2	Adapter 1501Hz Probe 3839Hz	9	1.501	70.00	0.186
67.245	0.05	Adapter 1501Hz Probe 3839Hz	9	3.839	70.00	0.437
70.047	0.2	Adapter 6009Hz	10	6.009	70.00	0.671
70.547	0.2	Adapter 6009Hz	10	6.009	70.00	0.671
71.047	0.2	Adapter 6009Hz	10	6.009	70.00	0.671
71.547	0.2	Adapter 6009Hz	10	6.009	70.00	0.671
72.047	0.2	Adapter 6009Hz	10	6.009	70.00	0.671
72.547	0.2	Adapter 6009Hz	10	6.009	70.00	0.671
73.047	0.2	Adapter 6009Hz	10	6.009	70.00	0.671
73.547	0.2	Adapter 6009Hz	10	6.009	70.00	0.671
74.047	0.2	Adapter 6009Hz	10	6.009	70.00	0.671
74.547	0.2	Adapter 6009Hz	10	6.009	70.00	0.671
85.015	0.2	Adapter 507Hz	12	0.507	70.00	0.079
85.515	0.2	Adapter 507Hz	12	0.507	70.00	0.079
86.015	0.2	Adapter 507Hz	12	0.507	70.00	0.079
86.515	0.2	Adapter 507Hz	12	0.507	70.00	0.079
87.015	0.2	Adapter 507Hz	12	0.507	70.00	0.079
87.515	0.2	Adapter 507Hz	12	0.507	70.00	0.079
88.015	0.2	Adapter 507Hz	12	0.507	70.00	0.079
88.515	0.2	Adapter 507Hz	12	0.507	70.00	0.079
89.015	0.2	Adapter 507Hz	12	0.507	70.00	0.079
89.515	0.2	Adapter 507Hz	12	0.507	70.00	0.079
100.0	0.2	Adapter 2423Hz Probe 3839Hz	14	2.423	70.00	0.285
100.23	0.05	Adapter 2423Hz Probe 3839Hz	14	3.839	70.00	0.437
100.5	0.2	Adapter 2423Hz Probe 3839Hz	14	2.423	70.00	0.285
100.73	0.05	Adapter 2423Hz Probe 3839Hz	14	3.839	70.00	0.437
101.0	0.2	Adapter 2423Hz Probe 3839Hz	14	2.423	70.00	0.285
101.23	0.05	Adapter 2423Hz Probe 3839Hz	14	3.839	70.00	0.437
101.5	0.2	Adapter 2423Hz Probe 3839Hz	14	2.423	70.00	0.285
101.73	0.05	Adapter 2423Hz Probe 3839Hz	14	3.839	70.00	0.437
102.0	0.2	Adapter 2423Hz Probe 3839Hz	14	2.423	70.00	0.285
102.23	0.05	Adapter 2423Hz Probe 3839Hz	14	3.839	70.00	0.437
102.5	0.2	Adapter 2423Hz Probe 3839Hz	14	2.423	70.00	0.285
102.73	0.05	Adapter 2423Hz Probe 3839Hz	14	3.839	70.00	0.437
103.0	0.2	Adapter 2423Hz Probe 3839Hz	14	2.423	70.00	0.285
103.23	0.05	Adapter 2423Hz Probe 3839Hz	14	3.839	70.00	0.437
103.5	0.2	Adapter 2423Hz Probe 3839Hz	14	2.423	70.00	0.285
103.73	0.05	Adapter 2423Hz Probe 3839Hz	14	3.839	70.00	0.437
104.0	0.2	Adapter 2423Hz Probe 3839Hz	14	2.423	70.00	0.285
104.23	0.05	Adapter 2423Hz Probe 3839Hz	14	3.839	70.00	0.437
104.5	0.2	Adapter 2423Hz Probe 3839Hz	14	2.423	70.00	0.285
104.73	0.05	Adapter 2423Hz Probe 3839Hz	14	3.839	70.00	0.437
107.531	0.2	Adapter 3839Hz	15	3.839	70.00	0.437
108.031	0.2	Adapter 3839Hz	15	3.839	70.00	0.437
108.531	0.2	Adapter 3839Hz	15	3.839	70.00	0.437
109.031	0.2	Adapter 3839Hz	15	3.839	70.00	0.437
109.531	0.2	Adapter 3839Hz	15	3.839	70.00	0.437
110.031	0.2	Adapter 3839Hz	15	3.839	70.00	0.437
110.531	0.2	Adapter 3839Hz	15	3.839	70.00	0.437
111.031	0.2	Adapter 3839Hz	15	3.839	70.00	0.437
111.531	0.2	Adapter 3839Hz	15	3.839	70.00	0.437
112.031	0.2	Adapter 3839Hz	15	3.839	70.00	0.437
115.0	0.2	Adapter 2423Hz	16	2.423	70.00	0.285
115.5	0.2	Adapter 2423Hz	16	2.423	70.00	0.285
116.0	0.2	Adapter 2423Hz	16	2.423	70.00	0.285
116.5	0.2	Adapter 2423Hz	16	2.423	70.00	0.285
117.0	0.2	Adapter 2423Hz	16	2.423	70.00	0.285
117.5	0.2	Adapter 2423Hz	16	2.423	70.00	0.285
118.0	0.2	Adapter 2423Hz	16	2.423	70.00	0.285
118.5	0.2	Adapter 2423Hz	16	2.423	70.00	0.285
119.0	0.2	Adapter 2423Hz	16	2.423	70.00	0.285
119.5	0.2	Adapter 2423Hz	16	2.423	70.00	0.285
130.047	0.2	Adapter 899Hz Probe 3839Hz	18	0.899	70.00	0.121
130.277	0.05	Adapter 899Hz Probe 3839Hz	18	3.839	70.00	0.437
130.547	0.2	Adapter 899Hz Probe 3839Hz	18	0.899	70.00	0.121
130.777	0.05	Adapter 899Hz Probe 3839Hz	18	3.839	70.00	0.437
131.047	0.2	Adapter 899Hz Probe 3839Hz	18	0.899	70.00	0.121
131.277	0.05	Adapter 899Hz Probe 3839Hz	18	3.839	70.00	0.437
131.547	0.2	Adapter 899Hz Probe 3839Hz	18	0.899	70.00	0.121
131.777	0.05	Adapter 899Hz Probe 3839Hz	18	3.839	70.00	0.437
132.047	0.2	Adapter 899Hz Probe 3839Hz	18	0.899	70.00	0.121
132.277	0.05	Adapter 899Hz Probe 3839Hz	18	3.839	70.00	0.437
132.547	0.2	Adapter 899Hz Probe 3839Hz	18	0.899	70.00	0.121
132.777	0.05	Adapter 899Hz Probe 3839Hz	18	3.839	70.00	0.437
133.047	0.2	Adapter 899Hz Probe 3839Hz	18	0.899	70.00	0.121
133.277	0.05	Adapter 899Hz Probe 3839Hz	18	3.839	70.00	0.437
133.547	0.2	Adapter 899Hz Probe 3839Hz	18	0.899	70.00	0.121
133.777	0.05	Adapter 899Hz Probe 3839Hz	18	3.839	70.00	0.437
134.047	0.2	Adapter 899Hz Probe 3839Hz	18	0.899	70.00	0.121
134.277	0.05	Adapter 899Hz Probe 3839Hz	18	3.839	70.00	0.437
134.547	0.2	Adapter 899Hz Probe 3839Hz	18	0.899	70.00	0.121
134.777	0.05	Adapter 899Hz Probe 3839Hz	18	3.839	70.00	0.437
137.515	0.2	Adapter 899Hz	19	0.899	70.00	0.121
138.015	0.2	Adapter 899Hz	19	0.899	70.00	0.121
138.515	0.2	Adapter 899Hz	19	0.899	70.00	0.121
139.015	0.2	Adapter 899Hz	19	0.899	70.00	0.121
139.515	0.2	Adapter 899Hz	19	0.899	70.00	0.121
140.015	0.2	Adapter 899Hz	19	0.899	70.00	0.121
140.515	0.2	Adapter 899Hz	19	0.899	70.00	0.121
141.015	0.2	Adapter 899Hz	19	0.899	70.00	0.121
141.515	0.2	Adapter 899Hz	19	0.899	70.00	0.121
142.015	0.2	Adapter 899Hz	19	0.899	70.00	0.121
145.047	0.2	Adapter 3839Hz	20	3.839	70.00	0.437
145.547	0.2	Adapter 3839Hz	20	3.839	70.00	0.437
146.047	0.2	Adapter 3839Hz	20	3.839	70.00	0.437
146.547	0.2	Adapter 3839Hz	20	3.839	70.00	0.437
147.047	0.2	Adapter 3839Hz	20	3.839	70.00	0.437
147.547	0.2	Adapter 3839Hz	20	3.839	70.00	0.437
148.047	0.2	Adapter 3839Hz	20	3.839	70.00	0.437
148.547	0.2	Adapter 3839Hz	20	3.839	70.00	0.437
149.047	0.2	Adapter 3839Hz	20	3.839	70.00	0.437
149.547	0.2	Adapter 3839Hz	20	3.839	70.00	0.437
152.515	0.2	Adapter 1501Hz	21	1.501	70.00	0.186
153.015	0.2	Adapter 1501Hz	21	1.501	70.00	0.186
153.515	0.2	Adapter 1501Hz	21	1.501	70.00	0.186
154.015	0.2	Adapter 1501Hz	21	1.501	70.00	0.186
154.515	0.2	Adapter 1501Hz	21	1.501	70.00	0.186
155.015	0.2	Adapter 1501Hz	21	1.501	70.00	0.186
155.515	0.2	Adapter 1501Hz	21	1.501	70.00	0.186
156.015	0.2	Adapter 1501Hz	21	1.501	70.00	0.186
156.515	0.2	Adapter 1501Hz	21	1.501	70.00	0.186
157.015	0.2	Adapter 1501Hz	21	1.501	70.00	0.186
160.015	0.2	Adapter 1501Hz Probe 3839Hz	22	1.501	70.00	0.186
160.245	0.05	Adapter 1501Hz Probe 3839Hz	22	3.839	70.00	0.437
160.515	0.2	Adapter 1501Hz Probe 3839Hz	22	1.501	70.00	0.186
160.745	0.05	Adapter 1501Hz Probe 3839Hz	22	3.839	70.00	0.437
161.015	0.2	Adapter 1501Hz Probe 3839Hz	22	1.501	70.00	0.186
161.245	0.05	Adapter 1501Hz Probe 3839Hz	22	3.839	70.00	0.437
161.515	0.2	Adapter 1501Hz Probe 3839Hz	22	1.501	70.00	0.186
161.745	0.05	Adapter 1501Hz Probe 3839Hz	22	3.839	70.00	0.437
162.015	0.2	Adapter 1501Hz Probe 3839Hz	22	1.501	70.00	0.186
162.245	0.05	Adapter 1501Hz Probe 3839Hz	22	3.839	70.00	0.437
162.515	0.2	Adapter 1501Hz Probe 3839Hz	22	1.501	70.00	0.186
162.745	0.05	Adapter 1501Hz Probe 3839Hz	22	3.839	70.00	0.437
163.015	0.2	Adapter 1501Hz Probe 3839Hz	22	1.501	70.00	0.186
163.245	0.05	Adapter 1501Hz Probe 3839Hz	22	3.839	70.00	0.437
163.515	0.2	Adapter 1501Hz Probe 3839Hz	22	1.501	70.00	0.186
163.745	0.05	Adapter 1501Hz Probe 3839Hz	22	3.839	70.00	0.437
164.015	0.2	Adapter 1501Hz Probe 3839Hz	22	1.501	70.00	0.186
164.245	0.05	Adapter 1501Hz Probe 3839Hz	22	3.839	70.00	0.437
164.515	0.2	Adapter 1501Hz Probe 3839Hz	22	1.501	70.00	0.186
164.745	0.05	Adapter 1501Hz Probe 3839Hz	22	3.839	70.00	0.437
167.547	0.2	Adapter 6009Hz	23	6.009	70.00	0.671
168.047	0.2	Adapter 6009Hz	23	6.009	70.00	0.671
168.547	0.2	Adapter 6009Hz	23	6.009	70.00	0.671
169.047	0.2	Adapter 6009Hz	23	6.009	70.00	0.671
169.547	0.2	Adapter 6009Hz	23	6.009	70.00	0.671
170.047	0.2	Adapter 6009Hz	23	6.009	70.00	0.671
170.547	0.2	Adapter 6009Hz	23	6.009	70.00	0.671
171.047	0.2	Adapter 6009Hz	23	6.009	70.00	0.671
171.547	0.2	Adapter 6009Hz	23	6.009	70.00	0.671
172.047	0.2	Adapter 6009Hz	23	6.009	70.00	0.671
175.015	0.2	Adapter 2423Hz	24	2.423	70.00	0.285
175.515	0.2	Adapter 2423Hz	24	2.423	70.00	0.285
176.015	0.2	Adapter 2423Hz	24	2.423	70.00	0.285
176.515	0.2	Adapter 2423Hz	24	2.423	70.00	0.285
177.015	0.2	Adapter 2423Hz	24	2.423	70.00	0.285
177.515	0.2	Adapter 2423Hz	24	2.423	70.00	0.285
178.015	0.2	Adapter 2423Hz	24	2.423	70.00	0.285
178.515	0.2	Adapter 2423Hz	24	2.423	70.00	0.285
179.015	0.2	Adapter 2423Hz	24	2.423	70.00	0.285
179.515	0.2	Adapter 2423Hz	24	2.423	70.00	0.285
182.547	0.2	Adapter 251Hz	25	0.251	70.00	0.052
183.047	0.2	Adapter 251Hz	25	0.251	70.00	0.052
183.547	0.2	Adapter 251Hz	25	0.251	70.00	0.052
184.047	0.2	Adapter 251Hz	25	0.251	70.00	0.052
184.547	0.2	Adapter 251Hz	25	0.251	70.00	0.052
185.047	0.2	Adapter 251Hz	25	0.251	70.00	0.052
185.547	0.2	Adapter 251Hz	25	0.251	70.00	0.052
186.047	0.2	Adapter 251Hz	25	0.251	70.00	0.052
186.547	0.2	Adapter 251Hz	25	0.251	70.00	0.052
187.047	0.2	Adapter 251Hz	25	0.251	70.00	0.052
190.047	0.2	Adapter 3839Hz Probe 3839Hz	26	3.839	70.00	0.437
190.277	0.05	Adapter 3839Hz Probe 3839Hz	26	3.839	70.00	0.437
190.547	0.2	Adapter 3839Hz Probe 3839Hz	26	3.839	70.00	0.437
190.777	0.05	Adapter 3839Hz Probe 3839Hz	26	3.839	70.00	0.437
191.047	0.2	Adapter 3839Hz Probe 3839Hz	26	3.839	70.00	0.437
191.277	0.05	Adapter 3839Hz Probe 3839Hz	26	3.839	70.00	0.437
191.547	0.2	Adapter 3839Hz Probe 3839Hz	26	3.839	70.00	0.437
191.777	0.05	Adapter 3839Hz Probe 3839Hz	26	3.839	70.00	0.437
192.047	0.2	Adapter 3839Hz Probe 3839Hz	26	3.839	70.00	0.437
192.277	0.05	Adapter 3839Hz Probe 3839Hz	26	3.839	70.00	0.437
192.547	0.2	Adapter 3839Hz Probe 3839Hz	26	3.839	70.00	0.437
192.777	0.05	Adapter 3839Hz Probe 3839Hz	26	3.839	70.00	0.437
193.047	0.2	Adapter 3839Hz Probe 3839Hz	26	3.839	70.00	0.437
193.277	0.05	Adapter 3839Hz Probe 3839Hz	26	3.839	70.00	0.437
193.547	0.2	Adapter 3839Hz Probe 3839Hz	26	3.839	70.00	0.437
193.777	0.05	Adapter 3839Hz Probe 3839Hz	26	3.839	70.00	0.437
194.047	0.2	Adapter 3839Hz Probe 3839Hz	26	3.839	70.00	0.437
194.277	0.05	Adapter 3839Hz Probe 3839Hz	26	3.839	70.00	0.437
194.547	0.2	Adapter 3839Hz Probe 3839Hz	26	3.839	70.00	0.437
194.777	0.05	Adapter 3839Hz Probe 3839Hz	26	3.839	70.00	0.437
205.23	0.05	Probe 3839Hz	28	3.839	70.00	0.437
205.73	0.05	Probe 3839Hz	28	3.839	70.00	0.437
206.23	0.05	Probe 3839Hz	28	3.839	70.00	0.437
206.73	0.05	Probe 3839Hz	28	3.839	70.00	0.437
207.23	0.05	Probe 3839Hz	28	3.839	70.00	0.437
207.73	0.05	Probe 3839Hz	28	3.839	70.00	0.437
208.23	0.05	Probe 3839Hz	28	3.839	70.00	0.437
208.73	0.05	Probe 3839Hz	28	3.839	70.00	0.437
209.23	0.05	Probe 3839Hz	28	3.839	70.00	0.437
209.73	0.05	Probe 3839Hz	28	3.839	70.00	0.437
212.5	0.2	Adapter 2423Hz Probe 3839Hz	29	2.423	70.00	0.285
212.73	0.05	Adapter 2423Hz Probe 3839Hz	29	3.839	70.00	0.437
213.0	0.2	Adapter 2423Hz Probe 3839Hz	29	2.423	70.00	0.285
213.23	0.05	Adapter 2423Hz Probe 3839Hz	29	3.839	70.00	0.437
213.5	0.2	Adapter 2423Hz Probe 3839Hz	29	2.423	70.00	0.285
213.73	0.05	Adapter 2423Hz Probe 3839Hz	29	3.839	70.00	0.437
214.0	0.2	Adapter 2423Hz Probe 3839Hz	29	2.423	70.00	0.285
214.23	0.05	Adapter 2423Hz Probe 3839Hz	29	3.839	70.00	0.437
214.5	0.2	Adapter 2423Hz Probe 3839Hz	29	2.423	70.00	0.285
214.73	0.05	Adapter 2423Hz Probe 3839Hz	29	3.839	70.00	0.437
215.0	0.2	Adapter 2423Hz Probe 3839Hz	29	2.423	70.00	0.285
215.23	0.05	Adapter 2423Hz Probe 3839Hz	29	3.839	70.00	0.437
215.5	0.2	Adapter 2423Hz Probe 3839Hz	29	2.423	70.00	0.285
215.73	0.05	Adapter 2423Hz Probe 3839Hz	29	3.839	70.00	0.437
216.0	0.2	Adapter 2423Hz Probe 3839Hz	29	2.423	70.00	0.285
216.23	0.05	Adapter 2423Hz Probe 3839Hz	29	3.839	70.00	0.437
216.5	0.2	Adapter 2423Hz Probe 3839Hz	29	2.423	70.00	0.285
216.73	0.05	Adapter 2423Hz Probe 3839Hz	29	3.839	70.00	0.437
217.0	0.2	Adapter 2423Hz Probe 3839Hz	29	2.423	70.00	0.285
217.23	0.05	Adapter 2423Hz Probe 3839Hz	29	3.839	70.00	0.437
220.0	0.2	Adapter 507Hz Probe 3839Hz	30	0.507	70.00	0.079
220.23	0.05	Adapter 507Hz Probe 3839Hz	30	3.839	70.00	0.437
220.5	0.2	Adapter 507Hz Probe 3839Hz	30	0.507	70.00	0.079
220.73	0.05	Adapter 507Hz Probe 3839Hz	30	3.839	70.00	0.437
221.0	0.2	Adapter 507Hz Probe 3839Hz	30	0.507	70.00	0.079
221.23	0.05	Adapter 507Hz Probe 3839Hz	30	3.839	70.00	0.437
221.5	0.2	Adapter 507Hz Probe 3839Hz	30	0.507	70.00	0.079
221.73	0.05	Adapter 507Hz Probe 3839Hz	30	3.839	70.00	0.437
222.0	0.2	Adapter 507Hz Probe 3839Hz	30	0.507	70.00	0.079
222.23	0.05	Adapter 507Hz Probe 3839Hz	30	3.839	70.00	0.437
222.5	0.2	Adapter 507Hz Probe 3839Hz	30	0.507	70.00	0.079
222.73	0.05	Adapter 507Hz Probe 3839Hz	30	3.839	70.00	0.437
223.0	0.2	Adapter 507Hz Probe 3839Hz	30	0.507	70.00	0.079
223.23	0.05	Adapter 507Hz Probe 3839Hz	30	3.839	70.00	0.437
223.5	0.2	Adapter 507Hz Probe 3839Hz	30	0.507	70.00	0.079
223.73	0.05	Adapter 507Hz Probe 3839Hz	30	3.839	70.00	0.437
224.0	0.2	Adapter 507Hz Probe 3839Hz	30	0.507	70.00	0.079
224.23	0.05	Adapter 507Hz Probe 3839Hz	30	3.839	70.00	0.437
224.5	0.2	Adapter 507Hz Probe 3839Hz	30	0.507	70.00	0.079
224.73	0.05	Adapter 507Hz Probe 3839Hz	30	3.839	70.00	0.437
235.031	0.2	Adapter 507Hz	32	0.507	70.00	0.079
235.531	0.2	Adapter 507Hz	32	0.507	70.00	0.079
236.031	0.2	Adapter 507Hz	32	0.507	70.00	0.079
236.531	0.2	Adapter 507Hz	32	0.507	70.00	0.079
237.031	0.2	Adapter 507Hz	32	0.507	70.00	0.079
237.531	0.2	Adapter 507Hz	32	0.507	70.00	0.079
238.031	0.2	Adapter 507Hz	32	0.507	70.00	0.079
238.531	0.2	Adapter 507Hz	32	0.507	70.00	0.079
239.031	0.2	Adapter 507Hz	32	0.507	70.00	0.079
239.531	0.2	Adapter 507Hz	32	0.507	70.00	0.079
242.531	0.2	Adapter 1501Hz Probe 3839Hz	33	1.501	70.00	0.186
242.761	0.05	Adapter 1501Hz Probe 3839Hz	33	3.839	70.00	0.437
243.031	0.2	Adapter 1501Hz Probe 3839Hz	33	1.501	70.00	0.186
243.261	0.05	Adapter 1501Hz Probe 3839Hz	33	3.839	70.00	0.437
243.531	0.2	Adapter 1501Hz Probe 3839Hz	33	1.501	70.00	0.186
243.761	0.05	Adapter 1501Hz Probe 3839Hz	33	3.839	70.00	0.437
244.031	0.2	Adapter 1501Hz Probe 3839Hz	33	1.501	70.00	0.186
244.261	0.05	Adapter 1501Hz Probe 3839Hz	33	3.839	70.00	0.437
244.531	0.2	Adapter 1501Hz Probe 3839Hz	33	1.501	70.00	0.186
244.761	0.05	Adapter 1501Hz Probe 3839Hz	33	3.839	70.00	0.437
245.031	0.2	Adapter 1501Hz Probe 3839Hz	33	1.501	70.00	0.186
245.261	0.05	Adapter 1501Hz Probe 3839Hz	33	3.839	70.00	0.437
245.531	0.2	Adapter 1501Hz Probe 3839Hz	33	1.501	70.00	0.186
245.761	0.05	Adapter 1501Hz Probe 3839Hz	33	3.839	70.00	0.437
246.031	0.2	Adapter 1501Hz Probe 3839Hz	33	1.501	70.00	0.186
246.261	0.05	Adapter 1501Hz Probe 3839Hz	33	3.839	70.00	0.437
246.531	0.2	Adapter 1501Hz Probe 3839Hz	33	1.501	70.00	0.186
246.761	0.05	Adapter 1501Hz Probe 3839Hz	33	3.839	70.00	0.437
247.031	0.2	Adapter 1501Hz Probe 3839Hz	33	1.501	70.00	0.186
247.261	0.05	Adapter 1501Hz Probe 3839Hz	33	3.839	70.00	0.437
250.015	0.2	Adapter 2423Hz Probe 3839Hz	34	2.423	70.00	0.285
250.245	0.05	Adapter 2423Hz Probe 3839Hz	34	3.839	70.00	0.437
250.515	0.2	Adapter 2423Hz Probe 3839Hz	34	2.423	70.00	0.285
250.745	0.05	Adapter 2423Hz Probe 3839Hz	34	3.839	70.00	0.437
251.015	0.2	Adapter 2423Hz Probe 3839Hz	34	2.423	70.00	0.285
251.245	0.05	Adapter 2423Hz Probe 3839Hz	34	3.839	70.00	0.437
251.515	0.2	Adapter 2423Hz Probe 3839Hz	34	2.423	70.00	0.285
251.745	0.05	Adapter 2423Hz Probe 3839Hz	34	3.839	70.00	0.437
252.015	0.2	Adapter 2423Hz Probe 3839Hz	34	2.423	70.00	0.285
252.245	0.05	Adapter 2423Hz Probe 3839Hz	34	3.839	70.00	0.437
252.515	0.2	Adapter 2423Hz Probe 3839Hz	34	2.423	70.00	0.285
252.745	0.05	Adapter 2423Hz Probe 3839Hz	34	3.839	70.00	0.437
253.015	0.2	Adapter 2423Hz Probe 3839Hz	34	2.423	70.00	0.285
253.245	0.05	Adapter 2423Hz Probe 3839Hz	34	3.839	70.00	0.437
253.515	0.2	Adapter 2423Hz Probe 3839Hz	34	2.423	70.00	0.285
253.745	0.05	Adapter 2423Hz Probe 3839Hz	34	3.839	70.00	0.437
254.015	0.2	Adapter 2423Hz Probe 3839Hz	34	2.423	70.00	0.285
254.245	0.05	Adapter 2423Hz Probe 3839Hz	34	3.839	70.00	0.437
254.515	0.2	Adapter 2423Hz Probe 3839Hz	34	2.423	70.00	0.285
254.745	0.05	Adapter 2423Hz Probe 3839Hz	34	3.839	70.00	0.437
265.047	0.2	Adapter 1501Hz	36	1.501	70.00	0.186
265.547	0.2	Adapter 1501Hz	36	1.501	70.00	0.186
266.047	0.2	Adapter 1501Hz	36	1.501	70.00	0.186
266.547	0.2	Adapter 1501Hz	36	1.501	70.00	0.186
267.047	0.2	Adapter 1501Hz	36	1.501	70.00	0.186
267.547	0.2	Adapter 1501Hz	36	1.501	70.00	0.186
268.047	0.2	Adapter 1501Hz	36	1.501	70.00	0.186
268.547	0.2	Adapter 1501Hz	36	1.501	70.00	0.186
269.047	0.2	Adapter 1501Hz	36	1.501	70.00	0.186
269.547	0.2	Adapter 1501Hz	36	1.501	70.00	0.186
280.031	0.2	Adapter 899Hz Probe 3839Hz	38	0.899	70.00	0.121
280.261	0.05	Adapter 899Hz Probe 3839Hz	38	3.839	70.00	0.437
280.531	0.2	Adapter 899Hz Probe 3839Hz	38	0.899	70.00	0.121
280.761	0.05	Adapter 899Hz Probe 3839Hz	38	3.839	70.00	0.437
281.031	0.2	Adapter 899Hz Probe 3839Hz	38	0.899	70.00	0.121
281.261	0.05	Adapter 899Hz Probe 3839Hz	38	3.839	70.00	0.437
281.531	0.2	Adapter 899Hz Probe 3839Hz	38	0.899	70.00	0.121
281.761	0.05	Adapter 899Hz Probe 3839Hz	38	3.839	70.00	0.437
282.031	0.2	Adapter 899Hz Probe 3839Hz	38	0.899	70.00	0.121
282.261	0.05	Adapter 899Hz Probe 3839Hz	38	3.839	70.00	0.437
282.531	0.2	Adapter 899Hz Probe 3839Hz	38	0.899	70.00	0.121
282.761	0.05	Adapter 899Hz Probe 3839Hz	38	3.839	70.00	0.437
283.031	0.2	Adapter 899Hz Probe 3839Hz	38	0.899	70.00	0.121
283.261	0.05	Adapter 899Hz Probe 3839Hz	38	3.839	70.00	0.437
283.531	0.2	Adapter 899Hz Probe 3839Hz	38	0.899	70.00	0.121
283.761	0.05	Adapter 899Hz Probe 3839Hz	38	3.839	70.00	0.437
284.031	0.2	Adapter 899Hz Probe 3839Hz	38	0.899	70.00	0.121
284.261	0.05	Adapter 899Hz Probe 3839Hz	38	3.839	70.00	0.437
284.531	0.2	Adapter 899Hz Probe 3839Hz	38	0.899	70.00	0.121
284.761	0.05	Adapter 899Hz Probe 3839Hz	38	3.839	70.00	0.437
287.777	0.05	Probe 3839Hz	39	3.839	70.00	0.437
288.277	0.05	Probe 3839Hz	39	3.839	70.00	0.437
288.777	0.05	Probe 3839Hz	39	3.839	70.00	0.437
289.277	0.05	Probe 3839Hz	39	3.839	70.00	0.437
289.777	0.05	Probe 3839Hz	39	3.839	70.00	0.437
290.277	0.05	Probe 3839Hz	39	3.839	70.00	0.437
290.777	0.05	Probe 3839Hz	39	3.839	70.00	0.437
291.277	0.05	Probe 3839Hz	39	3.839	70.00	0.437
291.777	0.05	Probe 3839Hz	39	3.839	70.00	0.437
292.277	0.05	Probe 3839Hz	39	3.839	70.00	0.437
295.015	0.2	Adapter 507Hz	40	0.507	70.00	0.079
295.515	0.2	Adapter 507Hz	40	0.507	70.00	0.079
296.015	0.2	Adapter 507Hz	40	0.507	70.00	0.079
296.515	0.2	Adapter 507Hz	40	0.507	70.00	0.079
297.015	0.2	Adapter 507Hz	40	0.507	70.00	0.079
297.515	0.2	Adapter 507Hz	40	0.507	70.00	0.079
298.015	0.2	Adapter 507Hz	40	0.507	70.00	0.079
298.515	0.2	Adapter 507Hz	40	0.507	70.00	0.079
299.015	0.2	Adapter 507Hz	40	0.507	70.00	0.079
299.515	0.2	Adapter 507Hz	40	0.507	70.00	0.079
302.515	0.2	Adapter 3839Hz Probe 3839Hz	41	3.839	70.00	0.437
302.745	0.05	Adapter 3839Hz Probe 3839Hz	41	3.839	70.00	0.437
303.015	0.2	Adapter 3839Hz Probe 3839Hz	41	3.839	70.00	0.437
303.245	0.05	Adapter 3839Hz Probe 3839Hz	41	3.839	70.00	0.437
303.515	0.2	Adapter 3839Hz Probe 3839Hz	41	3.839	70.00	0.437
303.745	0.05	Adapter 3839Hz Probe 3839Hz	41	3.839	70.00	0.437
304.015	0.2	Adapter 3839Hz Probe 3839Hz	41	3.839	70.00	0.437
304.245	0.05	Adapter 3839Hz Probe 3839Hz	41	3.839	70.00	0.437
304.515	0.2	Adapter 3839Hz Probe 3839Hz	41	3.839	70.00	0.437
304.745	0.05	Adapter 3839Hz Probe 3839Hz	41	3.839	70.00	0.437
305.015	0.2	Adapter 3839Hz Probe 3839Hz	41	3.839	70.00	0.437
305.245	0.05	Adapter 3839Hz Probe 3839Hz	41	3.839	70.00	0.437
305.515	0.2	Adapter 3839Hz Probe 3839Hz	41	3.839	70.00	0.437
305.745	0.05	Adapter 3839Hz Probe 3839Hz	41	3.839	70.00	0.437
306.015	0.2	Adapter 3839Hz Probe 3839Hz	41	3.839	70.00	0.437
306.245	0.05	Adapter 3839Hz Probe 3839Hz	41	3.839	70.00	0.437
306.515	0.2	Adapter 3839Hz Probe 3839Hz	41	3.839	70.00	0.437
306.745	0.05	Adapter 3839Hz Probe 3839Hz	41	3.839	70.00	0.437
307.015	0.2	Adapter 3839Hz Probe 3839Hz	41	3.839	70.00	0.437
307.245	0.05	Adapter 3839Hz Probe 3839Hz	41	3.839	70.00	0.437
310.047	0.2	Adapter 6009Hz	42	6.009	70.00	0.671
310.547	0.2	Adapter 6009Hz	42	6.009	70.00	0.671
311.047	0.2	Adapter 6009Hz	42	6.009	70.00	0.671
311.547	0.2	Adapter 6009Hz	42	6.009	70.00	0.671
312.047	0.2	Adapter 6009Hz	42	6.009	70.00	0.671
312.547	0.2	Adapter 6009Hz	42	6.009	70.00	0.671
313.047	0.2	Adapter 6009Hz	42	6.009	70.00	0.671
313.547	0.2	Adapter 6009Hz	42	6.009	70.00	0.671
314.047	0.2	Adapter 6009Hz	42	6.009	70.00	0.671
314.547	0.2	Adapter 6009Hz	42	6.009	70.00	0.671
317.515	0.2	Adapter 251Hz	43	0.251	70.00	0.052
318.015	0.2	Adapter 251Hz	43	0.251	70.00	0.052
318.515	0.2	Adapter 251Hz	43	0.251	70.00	0.052
319.015	0.2	Adapter 251Hz	43	0.251	70.00	0.052
319.515	0.2	Adapter 251Hz	43	0.251	70.00	0.052
320.015	0.2	Adapter 251Hz	43	0.251	70.00	0.052
320.515	0.2	Adapter 251Hz	43	0.251	70.00	0.052
321.015	0.2	Adapter 251Hz	43	0.251	70.00	0.052
321.515	0.2	Adapter 251Hz	43	0.251	70.00	0.052
322.015	0.2	Adapter 251Hz	43	0.251	70.00	0.052
325.047	0.2	Adapter 899Hz	44	0.899	70.00	0.121
325.547	0.2	Adapter 899Hz	44	0.899	70.00	0.121
326.047	0.2	Adapter 899Hz	44	0.899	70.00	0.121
326.547	0.2	Adapter 899Hz	44	0.899	70.00	0.121
327.047	0.2	Adapter 899Hz	44	0.899	70.00	0.121
327.547	0.2	Adapter 899Hz	44	0.899	70.00	0.121
328.047	0.2	Adapter 899Hz	44	0.899	70.00	0.121
328.547	0.2	Adapter 899Hz	44	0.899	70.00	0.121
329.047	0.2	Adapter 899Hz	44	0.899	70.00	0.121
329.547	0.2	Adapter 899Hz	44	0.899	70.00	0.121
332.515	0.2	Adapter 2423Hz	45	2.423	70.00	0.285
333.015	0.2	Adapter 2423Hz	45	2.423	70.00	0.285
333.515	0.2	Adapter 2423Hz	45	2.423	70.00	0.285
334.015	0.2	Adapter 2423Hz	45	2.423	70.00	0.285
334.515	0.2	Adapter 2423Hz	45	2.423	70.00	0.285
335.015	0.2	Adapter 2423Hz	45	2.423	70.00	0.285
335.515	0.2	Adapter 2423Hz	45	2.423	70.00	0.285
336.015	0.2	Adapter 2423Hz	45	2.423	70.00	0.285
336.515	0.2	Adapter 2423Hz	45	2.423	70.00	0.285
337.015	0.2	Adapter 2423Hz	45	2.423	70.00	0.285
340.015	0.2	Adapter 507Hz Probe 3839Hz	46	0.507	70.00	0.079
340.245	0.05	Adapter 507Hz Probe 3839Hz	46	3.839	70.00	0.437
340.515	0.2	Adapter 507Hz Probe 3839Hz	46	0.507	70.00	0.079
340.745	0.05	Adapter 507Hz Probe 3839Hz	46	3.839	70.00	0.437
341.015	0.2	Adapter 507Hz Probe 3839Hz	46	0.507	70.00	0.079
341.245	0.05	Adapter 507Hz Probe 3839Hz	46	3.839	70.00	0.437
341.515	0.2	Adapter 507Hz Probe 3839Hz	46	0.507	70.00	0.079
341.745	0.05	Adapter 507Hz Probe 3839Hz	46	3.839	70.00	0.437
342.015	0.2	Adapter 507Hz Probe 3839Hz	46	0.507	70.00	0.079
342.245	0.05	Adapter 507Hz Probe 3839Hz	46	3.839	70.00	0.437
342.515	0.2	Adapter 507Hz Probe 3839Hz	46	0.507	70.00	0.079
342.745	0.05	Adapter 507Hz Probe 3839Hz	46	3.839	70.00	0.437
343.015	0.2	Adapter 507Hz Probe 3839Hz	46	0.507	70.00	0.079
343.245	0.05	Adapter 507Hz Probe 3839Hz	46	3.839	70.00	0.437
343.515	0.2	Adapter 507Hz Probe 3839Hz	46	0.507	70.00	0.079
343.745	0.05	Adapter 507Hz Probe 3839Hz	46	3.839	70.00	0.437
344.015	0.2	Adapter 507Hz Probe 3839Hz	46	0.507	70.00	0.079
344.245	0.05	Adapter 507Hz Probe 3839Hz	46	3.839	70.00	0.437
344.515	0.2	Adapter 507Hz Probe 3839Hz	46	0.507	70.00	0.079
344.745	0.05	Adapter 507Hz Probe 3839Hz	46	3.839	70.00	0.437
347.547	0.2	Adapter 3839Hz	47	3.839	70.00	0.437
348.047	0.2	Adapter 3839Hz	47	3.839	70.00	0.437
348.547	0.2	Adapter 3839Hz	47	3.839	70.00	0.437
349.047	0.2	Adapter 3839Hz	47	3.839	70.00	0.437
349.547	0.2	Adapter 3839Hz	47	3.839	70.00	0.437
350.047	0.2	Adapter 3839Hz	47	3.839	70.00	0.437
350.547	0.2	Adapter 3839Hz	47	3.839	70.00	0.437
351.047	0.2	Adapter 3839Hz	47	3.839	70.00	0.437
351.547	0.2	Adapter 3839Hz	47	3.839	70.00	0.437
352.047	0.2	Adapter 3839Hz	47	3.839	70.00	0.437
377.5	0.2	Adapter 507Hz Probe 3839Hz	51	0.507	70.00	0.079
377.73	0.05	Adapter 507Hz Probe 3839Hz	51	3.839	70.00	0.437
378.0	0.2	Adapter 507Hz Probe 3839Hz	51	0.507	70.00	0.079
378.23	0.05	Adapter 507Hz Probe 3839Hz	51	3.839	70.00	0.437
378.5	0.2	Adapter 507Hz Probe 3839Hz	51	0.507	70.00	0.079
378.73	0.05	Adapter 507Hz Probe 3839Hz	51	3.839	70.00	0.437
379.0	0.2	Adapter 507Hz Probe 3839Hz	51	0.507	70.00	0.079
379.23	0.05	Adapter 507Hz Probe 3839Hz	51	3.839	70.00	0.437
379.5	0.2	Adapter 507Hz Probe 3839Hz	51	0.507	70.00	0.079
379.73	0.05	Adapter 507Hz Probe 3839Hz	51	3.839	70.00	0.437
380.0	0.2	Adapter 507Hz Probe 3839Hz	51	0.507	70.00	0.079
380.23	0.05	Adapter 507Hz Probe 3839Hz	51	3.839	70.00	0.437
380.5	0.2	Adapter 507Hz Probe 3839Hz	51	0.507	70.00	0.079
380.73	0.05	Adapter 507Hz Probe 3839Hz	51	3.839	70.00	0.437
381.0	0.2	Adapter 507Hz Probe 3839Hz	51	0.507	70.00	0.079
381.23	0.05	Adapter 507Hz Probe 3839Hz	51	3.839	70.00	0.437
381.5	0.2	Adapter 507Hz Probe 3839Hz	51	0.507	70.00	0.079
381.73	0.05	Adapter 507Hz Probe 3839Hz	51	3.839	70.00	0.437
382.0	0.2	Adapter 507Hz Probe 3839Hz	51	0.507	70.00	0.079
382.23	0.05	Adapter 507Hz Probe 3839Hz	51	3.839	70.00	0.437
385.0	0.2	Adapter 899Hz Probe 3839Hz	52	0.899	70.00	0.121
385.23	0.05	Adapter 899Hz Probe 3839Hz	52	3.839	70.00	0.437
385.5	0.2	Adapter 899Hz Probe 3839Hz	52	0.899	70.00	0.121
385.73	0.05	Adapter 899Hz Probe 3839Hz	52	3.839	70.00	0.437
386.0	0.2	Adapter 899Hz Probe 3839Hz	52	0.899	70.00	0.121
386.23	0.05	Adapter 899Hz Probe 3839Hz	52	3.839	70.00	0.437
386.5	0.2	Adapter 899Hz Probe 3839Hz	52	0.899	70.00	0.121
386.73	0.05	Adapter 899Hz Probe 3839Hz	52	3.839	70.00	0.437
387.0	0.2	Adapter 899Hz Probe 3839Hz	52	0.899	70.00	0.121
387.23	0.05	Adapter 899Hz Probe 3839Hz	52	3.839	70.00	0.437
387.5	0.2	Adapter 899Hz Probe 3839Hz	52	0.899	70.00	0.121
387.73	0.05	Adapter 899Hz Probe 3839Hz	52	3.839	70.00	0.437
388.0	0.2	Adapter 899Hz Probe 3839Hz	52	0.899	70.00	0.121
388.23	0.05	Adapter 899Hz Probe 3839Hz	52	3.839	70.00	0.437
388.5	0.2	Adapter 899Hz Probe 3839Hz	52	0.899	70.00	0.121
388.73	0.05	Adapter 899Hz Probe 3839Hz	52	3.839	70.00	0.437
389.0	0.2	Adapter 899Hz Probe 3839Hz	52	0.899	70.00	0.121
389.23	0.05	Adapter 899Hz Probe 3839Hz	52	3.839	70.00	0.437
389.5	0.2	Adapter 899Hz Probe 3839Hz	52	0.899	70.00	0.121
389.73	0.05	Adapter 899Hz Probe 3839Hz	52	3.839	70.00	0.437
392.745	0.05	Probe 3839Hz	53	3.839	70.00	0.437
393.245	0.05	Probe 3839Hz	53	3.839	70.00	0.437
393.745	0.05	Probe 3839Hz	53	3.839	70.00	0.437
394.245	0.05	Probe 3839Hz	53	3.839	70.00	0.437
394.745	0.05	Probe 3839Hz	53	3.839	70.00	0.437
395.245	0.05	Probe 3839Hz	53	3.839	70.00	0.437
395.745	0.05	Probe 3839Hz	53	3.839	70.00	0.437
396.245	0.05	Probe 3839Hz	53	3.839	70.00	0.437
396.745	0.05	Probe 3839Hz	53	3.839	70.00	0.437
397.245	0.05	Probe 3839Hz	53	3.839	70.00	0.437
400.047	0.2	Adapter 6009Hz	54	6.009	70.00	0.671
400.547	0.2	Adapter 6009Hz	54	6.009	70.00	0.671
401.047	0.2	Adapter 6009Hz	54	6.009	70.00	0.671
401.547	0.2	Adapter 6009Hz	54	6.009	70.00	0.671
402.047	0.2	Adapter 6009Hz	54	6.009	70.00	0.671
402.547	0.2	Adapter 6009Hz	54	6.009	70.00	0.671
403.047	0.2	Adapter 6009Hz	54	6.009	70.00	0.671
403.547	0.2	Adapter 6009Hz	54	6.009	70.00	0.671
404.047	0.2	Adapter 6009Hz	54	6.009	70.00	0.671
404.547	0.2	Adapter 6009Hz	54	6.009	70.00	0.671
407.515	0.2	Adapter 251Hz	55	0.251	70.00	0.052
408.015	0.2	Adapter 251Hz	55	0.251	70.00	0.052
408.515	0.2	Adapter 251Hz	55	0.251	70.00	0.052
409.015	0.2	Adapter 251Hz	55	0.251	70.00	0.052
409.515	0.2	Adapter 251Hz	55	0.251	70.00	0.052
410.015	0.2	Adapter 251Hz	55	0.251	70.00	0.052
410.515	0.2	Adapter 251Hz	55	0.251	70.00	0.052
411.015	0.2	Adapter 251Hz	55	0.251	70.00	0.052
411.515	0.2	Adapter 251Hz	55	0.251	70.00	0.052
412.015	0.2	Adapter 251Hz	55	0.251	70.00	0.052
422.547	0.2	Adapter 899Hz	57	0.899	70.00	0.121
423.047	0.2	Adapter 899Hz	57	0.899	70.00	0.121
423.547	0.2	Adapter 899Hz	57	0.899	70.00	0.121
424.047	0.2	Adapter 899Hz	57	0.899	70.00	0.121
424.547	0.2	Adapter 899Hz	57	0.899	70.00	0.121
425.047	0.2	Adapter 899Hz	57	0.899	70.00	0.121
425.547	0.2	Adapter 899Hz	57	0.899	70.00	0.121
426.047	0.2	Adapter 899Hz	57	0.899	70.00	0.121
426.547	0.2	Adapter 899Hz	57	0.899	70.00	0.121
427.047	0.2	Adapter 899Hz	57	0.899	70.00	0.121
430.015	0.2	Adapter 1501Hz	58	1.501	70.00	0.186
430.515	0.2	Adapter 1501Hz	58	1.501	70.00	0.186
431.015	0.2	Adapter 1501Hz	58	1.501	70.00	0.186
431.515	0.2	Adapter 1501Hz	58	1.501	70.00	0.186
432.015	0.2	Adapter 1501Hz	58	1.501	70.00	0.186
432.515	0.2	Adapter 1501Hz	58	1.501	70.00	0.186
433.015	0.2	Adapter 1501Hz	58	1.501	70.00	0.186
433.515	0.2	Adapter 1501Hz	58	1.501	70.00	0.186
434.015	0.2	Adapter 1501Hz	58	1.501	70.00	0.186
434.515	0.2	Adapter 1501Hz	58	1.501	70.00	0.186
437.515	0.2	Adapter 2423Hz Probe 3839Hz	59	2.423	70.00	0.285
437.745	0.05	Adapter 2423Hz Probe 3839Hz	59	3.839	70.00	0.437
438.015	0.2	Adapter 2423Hz Probe 3839Hz	59	2.423	70.00	0.285
438.245	0.05	Adapter 2423Hz Probe 3839Hz	59	3.839	70.00	0.437
438.515	0.2	Adapter 2423Hz Probe 3839Hz	59	2.423	70.00	0.285
438.745	0.05	Adapter 2423Hz Probe 3839Hz	59	3.839	70.00	0.437
439.015	0.2	Adapter 2423Hz Probe 3839Hz	59	2.423	70.00	0.285
439.245	0.05	Adapter 2423Hz Probe 3839Hz	59	3.839	70.00	0.437
439.515	0.2	Adapter 2423Hz Probe 3839Hz	59	2.423	70.00	0.285
439.745	0.05	Adapter 2423Hz Probe 3839Hz	59	3.839	70.00	0.437
440.015	0.2	Adapter 2423Hz Probe 3839Hz	59	2.423	70.00	0.285
440.245	0.05	Adapter 2423Hz Probe 3839Hz	59	3.839	70.00	0.437
440.515	0.2	Adapter 2423Hz Probe 3839Hz	59	2.423	70.00	0.285
440.745	0.05	Adapter 2423Hz Probe 3839Hz	59	3.839	70.00	0.437
441.015	0.2	Adapter 2423Hz Probe 3839Hz	59	2.423	70.00	0.285
441.245	0.05	Adapter 2423Hz Probe 3839Hz	59	3.839	70.00	0.437
441.515	0.2	Adapter 2423Hz Probe 3839Hz	59	2.423	70.00	0.285
441.745	0.05	Adapter 2423Hz Probe 3839Hz	59	3.839	70.00	0.437
442.015	0.2	Adapter 2423Hz Probe 3839Hz	59	2.423	70.00	0.285
442.245	0.05	Adapter 2423Hz Probe 3839Hz	59	3.839	70.00	0.437
445.047	0.2	Adapter 3839Hz	60	3.839	70.00	0.437
445.547	0.2	Adapter 3839Hz	60	3.839	70.00	0.437
446.047	0.2	Adapter 3839Hz	60	3.839	70.00	0.437
446.547	0.2	Adapter 3839Hz	60	3.839	70.00	0.437
447.047	0.2	Adapter 3839Hz	60	3.839	70.00	0.437
447.547	0.2	Adapter 3839Hz	60	3.839	70.00	0.437
448.047	0.2	Adapter 3839Hz	60	3.839	70.00	0.437
448.547	0.2	Adapter 3839Hz	60	3.839	70.00	0.437
449.047	0.2	Adapter 3839Hz	60	3.839	70.00	0.437
449.547	0.2	Adapter 3839Hz	60	3.839	70.00	0.437
452.515	0.2	Adapter 2423Hz	61	2.423	70.00	0.285
453.015	0.2	Adapter 2423Hz	61	2.423	70.00	0.285
453.515	0.2	Adapter 2423Hz	61	2.423	70.00	0.285
454.015	0.2	Adapter 2423Hz	61	2.423	70.00	0.285
454.515	0.2	Adapter 2423Hz	61	2.423	70.00	0.285
455.015	0.2	Adapter 2423Hz	61	2.423	70.00	0.285
455.515	0.2	Adapter 2423Hz	61	2.423	70.00	0.285
456.015	0.2	Adapter 2423Hz	61	2.423	70.00	0.285
456.515	0.2	Adapter 2423Hz	61	2.423	70.00	0.285
457.015	0.2	Adapter 2423Hz	61	2.423	70.00	0.285
460.015	0.2	Adapter 3839Hz Probe 3839Hz	62	3.839	70.00	0.437
460.245	0.05	Adapter 3839Hz Probe 3839Hz	62	3.839	70.00	0.437
460.515	0.2	Adapter 3839Hz Probe 3839Hz	62	3.839	70.00	0.437
460.745	0.05	Adapter 3839Hz Probe 3839Hz	62	3.839	70.00	0.437
461.015	0.2	Adapter 3839Hz Probe 3839Hz	62	3.839	70.00	0.437
461.245	0.05	Adapter 3839Hz Probe 3839Hz	62	3.839	70.00	0.437
461.515	0.2	Adapter 3839Hz Probe 3839Hz	62	3.839	70.00	0.437
461.745	0.05	Adapter 3839Hz Probe 3839Hz	62	3.839	70.00	0.437
462.015	0.2	Adapter 3839Hz Probe 3839Hz	62	3.839	70.00	0.437
462.245	0.05	Adapter 3839Hz Probe 3839Hz	62	3.839	70.00	0.437
462.515	0.2	Adapter 3839Hz Probe 3839Hz	62	3.839	70.00	0.437
462.745	0.05	Adapter 3839Hz Probe 3839Hz	62	3.839	70.00	0.437
463.015	0.2	Adapter 3839Hz Probe 3839Hz	62	3.839	70.00	0.437
463.245	0.05	Adapter 3839Hz Probe 3839Hz	62	3.839	70.00	0.437
463.515	0.2	Adapter 3839Hz Probe 3839Hz	62	3.839	70.00	0.437
463.745	0.05	Adapter 3839Hz Probe 3839Hz	62	3.839	70.00	0.437
464.015	0.2	Adapter 3839Hz Probe 3839Hz	62	3.839	70.00	0.437
464.245	0.05	Adapter 3839Hz Probe 3839Hz	62	3.839	70.00	0.437
464.515	0.2	Adapter 3839Hz Probe 3839Hz	62	3.839	70.00	0.437
464.745	0.05	Adapter 3839Hz Probe 3839Hz	62	3.839	70.00	0.437
467.547	0.2	Adapter 507Hz	63	0.507	70.00	0.079
468.047	0.2	Adapter 507Hz	63	0.507	70.00	0.079
468.547	0.2	Adapter 507Hz	63	0.507	70.00	0.079
469.047	0.2	Adapter 507Hz	63	0.507	70.00	0.079
469.547	0.2	Adapter 507Hz	63	0.507	70.00	0.079
470.047	0.2	Adapter 507Hz	63	0.507	70.00	0.079
470.547	0.2	Adapter 507Hz	63	0.507	70.00	0.079
471.047	0.2	Adapter 507Hz	63	0.507	70.00	0.079
471.547	0.2	Adapter 507Hz	63	0.507	70.00	0.079
472.047	0.2	Adapter 507Hz	63	0.507	70.00	0.079
475.047	0.2	Adapter 1501Hz Probe 3839Hz	64	1.501	70.00	0.186
475.277	0.05	Adapter 1501Hz Probe 3839Hz	64	3.839	70.00	0.437
475.547	0.2	Adapter 1501Hz Probe 3839Hz	64	1.501	70.00	0.186
475.777	0.05	Adapter 1501Hz Probe 3839Hz	64	3.839	70.00	0.437
476.047	0.2	Adapter 1501Hz Probe 3839Hz	64	1.501	70.00	0.186
476.277	0.05	Adapter 1501Hz Probe 3839Hz	64	3.839	70.00	0.437
476.547	0.2	Adapter 1501Hz Probe 3839Hz	64	1.501	70.00	0.186
476.777	0.05	Adapter 1501Hz Probe 3839Hz	64	3.839	70.00	0.437
477.047	0.2	Adapter 1501Hz Probe 3839Hz	64	1.501	70.00	0.186
477.277	0.05	Adapter 1501Hz Probe 3839Hz	64	3.839	70.00	0.437
477.547	0.2	Adapter 1501Hz Probe 3839Hz	64	1.501	70.00	0.186
477.777	0.05	Adapter 1501Hz Probe 3839Hz	64	3.839	70.00	0.437
478.047	0.2	Adapter 1501Hz Probe 3839Hz	64	1.501	70.00	0.186
478.277	0.05	Adapter 1501Hz Probe 3839Hz	64	3.839	70.00	0.437
478.547	0.2	Adapter 1501Hz Probe 3839Hz	64	1.501	70.00	0.186
478.777	0.05	Adapter 1501Hz Probe 3839Hz	64	3.839	70.00	0.437
479.047	0.2	Adapter 1501Hz Probe 3839Hz	64	1.501	70.00	0.186
479.277	0.05	Adapter 1501Hz Probe 3839Hz	64	3.839	70.00	0.437
479.547	0.2	Adapter 1501Hz Probe 3839Hz	64	1.501	70.00	0.186
479.777	0.05	Adapter 1501Hz Probe 3839Hz	64	3.839	70.00	0.437
